/*
Navicat MySQL Data Transfer

Source Server         : CDL
Source Server Version : 50738
Source Host           : localhost:3306
Source Database       : library

Target Server Type    : MYSQL
Target Server Version : 50738
File Encoding         : 65001

Date: 2022-12-21 22:50:00
*/

SET FOREIGN_KEY_CHECKS=0;

-- ----------------------------
-- Table structure for `admin`
-- ----------------------------
DROP TABLE IF EXISTS `admin`;
CREATE TABLE `admin` (
  `id` bigint(11) NOT NULL,
  `admin_name` varchar(255) DEFAULT NULL,
  `password` varchar(255) DEFAULT NULL,
  PRIMARY KEY (`id`)
) ENGINE=InnoDB DEFAULT CHARSET=utf8;

-- ----------------------------
-- Records of admin
-- ----------------------------
INSERT INTO `admin` VALUES ('1', 'admin', 'admin');

-- ----------------------------
-- Table structure for `book`
-- ----------------------------
DROP TABLE IF EXISTS `book`;
CREATE TABLE `book` (
  `id` bigint(11) NOT NULL,
  `book_name` varchar(255) DEFAULT NULL,
  `img_path` blob,
  `category_id` bigint(11) DEFAULT NULL,
  `stock_num` int(11) DEFAULT NULL,
  `author` varchar(255) DEFAULT NULL,
  `publication_date` datetime DEFAULT NULL,
  `profile` varchar(255) DEFAULT NULL,
  `price` decimal(10,0) DEFAULT NULL,
  `isbn` bigint(20) DEFAULT NULL,
  PRIMARY KEY (`id`),
  KEY `category_id` (`category_id`)
) ENGINE=InnoDB DEFAULT CHARSET=utf8;

-- ----------------------------
-- Records of book
-- ----------------------------
INSERT INTO `book` VALUES ('1600760908496351234', '老人与海1', null, '1601061729045876740', '10', 'zs1', '2022-12-08 15:55:16', '一本好书', '30', '9787300245850');
INSERT INTO `book` VALUES ('1600760909750448130', '老人与海2', null, '1601061729045876740', '10', 'zs2', '2022-12-08 15:55:16', '一本好书', '30', '9787300245850');
INSERT INTO `book` VALUES ('1600760909750448131', '老人与海3', null, '1601061729045876740', '10', 'zs3', '2022-12-08 15:55:16', '一本好书', '30', '9787300245850');
INSERT INTO `book` VALUES ('1600760909817556994', '老人与海4', null, '1601061727313629186', '10', 'zs4', '2022-12-08 15:55:16', '一本好书', '30', '9787300245850');
INSERT INTO `book` VALUES ('1600760909817556995', '老人与海5', null, '1601061728576114690', '10', 'zs5', '2022-12-08 15:55:16', '一本好书', '30', '9787300245850');
INSERT INTO `book` VALUES ('1600760909817556996', '老人与海6', null, '1601061728576114690', '10', 'zs6', '2022-12-08 15:55:16', '一本好书', '30', '9787300245850');
INSERT INTO `book` VALUES ('1600760909880471553', '老人与海7', null, '1601061727313629186', '10', 'zs7', '2022-12-08 15:55:16', '一本好书', '30', '9787300245850');
INSERT INTO `book` VALUES ('1600760909880471554', '老人与海8', null, '1601061728576114690', '10', 'zs8', '2022-12-08 15:55:16', '一本好书', '30', '9787300245850');
INSERT INTO `book` VALUES ('1600760909880471555', '老人与海9', null, '1601061727313629186', '10', 'zs9', '2022-12-08 15:55:16', '一本好书', '30', '9787300245850');
INSERT INTO `book` VALUES ('1600760909947580417', '老人与海10', null, '1601061727313629186', '10', 'zs10', '2022-12-08 15:55:16', '一本好书', '30', '9787300245850');
INSERT INTO `book` VALUES ('1600760909947580418', '老人与海11', null, '1601061727313629186', '10', 'zs11', '2022-12-08 15:55:16', '一本好书', '30', '9787300245850');
INSERT INTO `book` VALUES ('1600760909947580419', '老人与海12', null, '1601061727313629186', '10', 'zs12', '2022-12-08 15:55:16', '一本好书', '30', '9787300245850');
INSERT INTO `book` VALUES ('1600760909947580420', '老人与海13', null, '1601061727313629186', '10', 'zs13', '2022-12-08 15:55:16', '一本好书', '30', '9787300245850');
INSERT INTO `book` VALUES ('1600760910014689281', '老人与海14', null, '1601061729045876743', '10', 'zs14', '2022-12-08 15:55:16', '一本好书', '30', '9787300245850');
INSERT INTO `book` VALUES ('1600760910014689282', '老人与海15', null, '1601061727313629186', '10', 'zs15', '2022-12-08 15:55:16', '一本好书', '30', '9787300245850');
INSERT INTO `book` VALUES ('1600760910014689283', '老人与海16', null, '1601061729045876743', '10', 'zs16', '2022-12-08 15:55:16', '一本好书', '30', '9787300245850');
INSERT INTO `book` VALUES ('1600760910077603841', '老人与海17', null, '1601061727313629186', '10', 'zs17', '2022-12-08 15:55:16', '一本好书', '30', '9787300245850');
INSERT INTO `book` VALUES ('1600760910077603842', '老人与海18', null, '1601061727313629186', '10', 'zs18', '2022-12-08 15:55:16', '一本好书', '30', '9787300245850');
INSERT INTO `book` VALUES ('1600760910077603843', '老人与海19', null, '1601061729045876743', '10', 'zs19', '2022-12-08 15:55:16', '一本好书', '30', '9787300245850');
INSERT INTO `book` VALUES ('1600760910077603844', '老人与海20', null, '1601061727313629186', '10', 'zs20', '2022-12-08 15:55:16', '一本好书', '30', '9787300245850');
INSERT INTO `book` VALUES ('1600760910144712705', '老人与海21', null, '1601061727313629186', '10', 'zs21', '2022-12-08 15:55:16', '一本好书', '30', '9787300245850');
INSERT INTO `book` VALUES ('1600760910144712706', '老人与海22', null, '1601061727313629186', '10', 'zs22', '2022-12-08 15:55:16', '一本好书', '30', '9787300245850');
INSERT INTO `book` VALUES ('1600760910144712707', '老人与海23', null, '1601061727313629186', '10', 'zs23', '2022-12-08 15:55:16', '一本好书', '30', '9787300245850');
INSERT INTO `book` VALUES ('1600760910144712708', '老人与海24', null, '1601061727313629186', '10', 'zs24', '2022-12-08 15:55:16', '一本好书', '30', '9787300245850');
INSERT INTO `book` VALUES ('1600760910211821569', '老人与海25', null, '1601061727313629186', '10', 'zs25', '2022-12-08 15:55:16', '一本好书', '30', '9787300245850');
INSERT INTO `book` VALUES ('1600760910211821570', '老人与海26', null, '1601061727313629186', '10', 'zs26', '2022-12-08 15:55:16', '一本好书', '30', '9787300245850');
INSERT INTO `book` VALUES ('1600760910211821571', '老人与海27', null, '1601061727313629186', '10', 'zs27', '2022-12-08 15:55:16', '一本好书', '30', '9787300245850');
INSERT INTO `book` VALUES ('1600760910211821572', '老人与海28', null, '1601061727313629186', '10', 'zs28', '2022-12-08 15:55:16', '一本好书', '30', '9787300245850');
INSERT INTO `book` VALUES ('1600760910274736129', '老人与海29', null, '1601061729045876741', '10', 'zs29', '2022-12-08 15:55:16', '一本好书', '30', '9787300245850');
INSERT INTO `book` VALUES ('1600760910274736130', '老人与海30', null, '1601061729045876741', '10', 'zs30', '2022-12-08 15:55:16', '一本好书', '30', '9787300245850');
INSERT INTO `book` VALUES ('1600761252760526849', '老人与海1', null, '1601061729045876741', '9', 'zs1', '2022-12-08 15:56:38', '一本好书', '30', '9787300245850');
INSERT INTO `book` VALUES ('1600761253955903490', '老人与海2', null, '1601061727313629186', '10', 'zs2', '2022-12-08 15:56:38', '一本好书', '30', '9787300245850');
INSERT INTO `book` VALUES ('1600761253955903491', '老人与海3', null, '1601061729045876743', '10', 'zs3', '2022-12-08 15:56:38', '一本好书', '30', '9787300245850');
INSERT INTO `book` VALUES ('1600761254023012354', '老人与海4', null, '1601061729045876743', '10', 'zs4', '2022-12-08 15:56:38', '一本好书', '30', '9787300245850');
INSERT INTO `book` VALUES ('1600761254023012355', '老人与海5', null, '1601061729045876743', '10', 'zs5', '2022-12-08 15:56:38', '一本好书', '30', '9787300245850');
INSERT INTO `book` VALUES ('1600761254023012356', '老人与海6', null, '1601061727313629186', '10', 'zs6', '2022-12-08 15:56:38', '一本好书', '30', '9787300245850');
INSERT INTO `book` VALUES ('1600761254023012357', '老人与海7', null, '1601061727313629186', '10', 'zs7', '2022-12-08 15:56:38', '一本好书', '30', '9787300245850');
INSERT INTO `book` VALUES ('1600761254090121218', '老人与海9', null, '1601061727313629186', '10', 'zs9', '2022-12-08 15:56:38', '一本好书', '30', '9787300245850');
INSERT INTO `book` VALUES ('1600761254090121219', '老人与海10', null, '1601061727313629186', '10', 'zs10', '2022-12-08 15:56:38', '一本好书', '30', '9787300245850');
INSERT INTO `book` VALUES ('1600761254090121220', '老人与海11', null, '1601061727313629186', '10', 'zs11', '2022-12-08 15:56:38', '一本好书', '30', '9787300245850');
INSERT INTO `book` VALUES ('1600761254157230082', '老人与海12', null, '1601061729045876742', '10', 'zs12', '2022-12-08 15:56:38', '一本好书', '30', '9787300245850');
INSERT INTO `book` VALUES ('1600761254157230083', '老人与海13', null, '1601061729045876742', '10', 'zs13', '2022-12-08 15:56:38', '一本好书', '30', '9787300245850');
INSERT INTO `book` VALUES ('1600761254157230084', '老人与海14', null, '1601061727313629186', '10', 'zs14', '2022-12-08 15:56:38', '一本好书', '30', '9787300245850');
INSERT INTO `book` VALUES ('1600761254157230085', '老人与海15', null, '1601061727313629186', '10', 'zs15', '2022-12-08 15:56:38', '一本好书', '30', '9787300245850');
INSERT INTO `book` VALUES ('1600761254220144643', '老人与海17', null, '1601061727313629186', '10', 'zs17', '2022-12-08 15:56:38', '一本好书', '30', '9787300245850');
INSERT INTO `book` VALUES ('1600761254220144644', '老人与海18', null, '1604653013304135682', '10', 'zs18', '2022-12-08 15:56:38', '一本好书', '30', '9787300245850');
INSERT INTO `book` VALUES ('1600761254287253507', '老人与海20', null, '1604653013304135682', '10', 'zs20', '2022-12-08 15:56:38', '一本好书', '30', '9787300245850');
INSERT INTO `book` VALUES ('1600761254287253508', '老人与海21', null, '1604653013304135682', '10', 'zs21', '2022-12-08 15:56:38', '一本好书', '30', '9787300245850');
INSERT INTO `book` VALUES ('1600761254287253509', '老人与海22', null, '1601061727313629186', '10', 'zs22', '2022-12-08 15:56:38', '一本好书', '30', '9787300245850');
INSERT INTO `book` VALUES ('1600761254354362369', '老人与海23', null, '1601061727313629186', '10', 'zs23', '2022-12-08 15:56:38', '一本好书', '30', '9787300245850');
INSERT INTO `book` VALUES ('1600761254354362370', '老人与海24', null, '1601061727313629186', '10', 'zs24', '2022-12-08 15:56:38', '一本好书', '30', '9787300245850');
INSERT INTO `book` VALUES ('1600761254354362371', '老人与海25', null, '1601061727313629186', '9', 'zs25', '2022-12-08 15:56:38', '一本好书', '30', '9787300245850');
INSERT INTO `book` VALUES ('1600761254354362372', '老人与海269', null, '1604659869900623874', '10', 'zs26', '2022-12-08 15:56:38', '一本好书', '30', '9787300245850');
INSERT INTO `book` VALUES ('1600761254354362373', '老人与海27', null, '1604659869900623874', '10', 'zs27', '2022-12-08 15:56:38', '一本好书', '30', '9787300245850');
INSERT INTO `book` VALUES ('1600761254421471234', '老人与海29', null, '1604659869900623874', '10', 'zs29', '2022-12-08 15:56:38', '一本好书', '30', '9787300245850');
INSERT INTO `book` VALUES ('1600761254421471235', '老人与海30', null, '1601061727313629186', '10', 'zs30', '2022-12-08 15:56:38', '一本好书', '30', '9787300245850');
INSERT INTO `book` VALUES ('1601039862952148994', '斗破苍穹', null, '1604659869900623874', '10', '我吃西红柿', '2022-12-09 10:23:44', '一本好书', '30', '1154545455');
INSERT INTO `book` VALUES ('1670491851247351234', '老人与海', 0x313233, '1601061727313629186', '10', 'ls1', '2022-12-09 17:31:27', '一本好书', '30', '9787300245850');
INSERT INTO `book` VALUES ('1670491864022351234', '斗罗大陆', 0x333231, '1601061727313629186', '10', 'ls2', '2022-12-10 17:31:32', '一本好书', '30', '9787300245850');

-- ----------------------------
-- Table structure for `borrow`
-- ----------------------------
DROP TABLE IF EXISTS `borrow`;
CREATE TABLE `borrow` (
  `id` bigint(11) NOT NULL,
  `user_id` bigint(11) DEFAULT NULL,
  `book_id` bigint(11) DEFAULT NULL,
  `start_date` datetime DEFAULT NULL,
  `end_date` datetime DEFAULT NULL,
  PRIMARY KEY (`id`),
  KEY `user_id` (`user_id`),
  KEY `book_id` (`book_id`)
) ENGINE=InnoDB DEFAULT CHARSET=utf8;

-- ----------------------------
-- Records of borrow
-- ----------------------------
INSERT INTO `borrow` VALUES ('1605575608295809026', '1599934949606051842', '1600761252760526849', '2022-12-21 22:47:10', '2023-01-20 22:47:10');
INSERT INTO `borrow` VALUES ('1605575614780203009', '1599934949606051842', '1600761254354362371', '2022-12-21 22:47:11', '2023-01-20 22:47:11');

-- ----------------------------
-- Table structure for `borrowlog`
-- ----------------------------
DROP TABLE IF EXISTS `borrowlog`;
CREATE TABLE `borrowlog` (
  `id` bigint(11) NOT NULL,
  `user_id` bigint(11) DEFAULT NULL,
  `book_id` bigint(11) DEFAULT NULL,
  `record_time` datetime DEFAULT NULL,
  `action` varchar(255) DEFAULT NULL,
  PRIMARY KEY (`id`),
  KEY `boot_borrow_id` (`book_id`),
  KEY `user_borrow_id` (`user_id`)
) ENGINE=InnoDB DEFAULT CHARSET=utf8;

-- ----------------------------
-- Records of borrowlog
-- ----------------------------
INSERT INTO `borrowlog` VALUES ('1600760908496351169', '1599934949606051842', '1600760909750448130', '2024-03-21 19:52:02', '还书');
INSERT INTO `borrowlog` VALUES ('1600760908496351278', '1599934949606051842', '1600760908496351234', '2022-12-21 19:50:38', '借书');
INSERT INTO `borrowlog` VALUES ('1600760908496351789', '1599934949606051842', '1600760909750448130', '2022-12-21 19:52:00', '借书');
INSERT INTO `borrowlog` VALUES ('1600760908496351968', '1599934949606051842', '1600760908496351234', '2023-07-13 19:51:04', '还书');
INSERT INTO `borrowlog` VALUES ('1605530105671622658', '1599934949606051842', '1670491864022351234', '2022-12-21 19:46:21', '借书');
INSERT INTO `borrowlog` VALUES ('1605530108230148098', '1599934949606051842', '1670491851247351234', '2022-12-21 19:46:22', '借书');
INSERT INTO `borrowlog` VALUES ('1605530112093102083', '1599934949606051842', '1601039862952148994', '2022-12-21 19:46:23', '借书');
INSERT INTO `borrowlog` VALUES ('1605530155835498498', '1599934949606051842', '1670491864022351234', '2022-12-21 19:46:33', '还书');
INSERT INTO `borrowlog` VALUES ('1605530161883684866', '1599934949606051842', '1670491851247351234', '2022-12-21 19:46:35', '还书');
INSERT INTO `borrowlog` VALUES ('1605530913817534465', '1599934949606051842', '1601039862952148994', '2022-12-21 19:49:34', '还书');
INSERT INTO `borrowlog` VALUES ('1605536747213590531', '1599934949606051842', '1670491864022351234', '2022-12-21 20:12:45', '借书');
INSERT INTO `borrowlog` VALUES ('1605538151470747649', '1599934949606051842', '1670491864022351234', '2022-12-21 20:18:19', '还书');
INSERT INTO `borrowlog` VALUES ('1605575601677197315', '1599934949606051842', '1670491864022351234', '2022-12-21 22:47:08', '借书');
INSERT INTO `borrowlog` VALUES ('1605575608295809027', '1599934949606051842', '1600761252760526849', '2022-12-21 22:47:10', '借书');
INSERT INTO `borrowlog` VALUES ('1605575614780203010', '1599934949606051842', '1600761254354362371', '2022-12-21 22:47:11', '借书');
INSERT INTO `borrowlog` VALUES ('1605575657025232898', '1599934949606051842', '1670491864022351234', '2022-12-21 22:47:21', '还书');

-- ----------------------------
-- Table structure for `kind`
-- ----------------------------
DROP TABLE IF EXISTS `kind`;
CREATE TABLE `kind` (
  `id` bigint(11) NOT NULL,
  `category` varchar(255) DEFAULT NULL,
  `order_by` int(11) DEFAULT NULL,
  PRIMARY KEY (`id`),
  KEY `category` (`category`),
  KEY `id` (`id`)
) ENGINE=InnoDB DEFAULT CHARSET=utf8;

-- ----------------------------
-- Records of kind
-- ----------------------------
INSERT INTO `kind` VALUES ('1601061727313629186', '科学', '1');
INSERT INTO `kind` VALUES ('1601061728576114690', '童话', '2');
INSERT INTO `kind` VALUES ('1601061729045876740', '神话', '3');
INSERT INTO `kind` VALUES ('1601061729045876741', '哲学', '4');
INSERT INTO `kind` VALUES ('1601061729045876742', '社会科学总论', '5');
INSERT INTO `kind` VALUES ('1601061729045876743', '计算机技术', '6');
INSERT INTO `kind` VALUES ('1604653013304135682', '安全科学', '7');
INSERT INTO `kind` VALUES ('1604659869900623874', '中国文学', '8');

-- ----------------------------
-- Table structure for `user`
-- ----------------------------
DROP TABLE IF EXISTS `user`;
CREATE TABLE `user` (
  `id` bigint(22) NOT NULL,
  `user_name` varchar(255) DEFAULT NULL,
  `password` varchar(255) DEFAULT NULL,
  `img` blob,
  `address` varchar(255) DEFAULT NULL,
  `join_date` datetime DEFAULT NULL,
  `no_return` int(11) DEFAULT NULL,
  PRIMARY KEY (`id`),
  KEY `id` (`id`)
) ENGINE=InnoDB DEFAULT CHARSET=utf8;

-- ----------------------------
-- Records of user
-- ----------------------------
INSERT INTO `user` VALUES ('1599934949606051842', 'zs', '123', null, '北京大兴区', '2022-12-06 09:13:12', '1');
INSERT INTO `user` VALUES ('1599935719353102338', 'pp', '123', null, 'asas', '2022-12-06 09:16:16', '0');
INSERT INTO `user` VALUES ('1599949843386650626', 'zs1', '123', null, '北京大兴区', '2022-12-06 10:12:23', '0');
INSERT INTO `user` VALUES ('1599949844607193089', 'zs2', '123', null, '北京大兴区', '2022-12-06 10:12:23', '0');
INSERT INTO `user` VALUES ('1599949844674301954', 'zs4', '123', null, '北京大兴区', '2022-12-06 10:12:23', '0');
INSERT INTO `user` VALUES ('1599949844674301955', 'zs5', '123', null, '北京大兴区', '2022-12-06 10:12:23', '0');
INSERT INTO `user` VALUES ('1599949844674301957', 'zs7', '123', null, '北京大兴区', '2022-12-06 10:12:23', '0');
INSERT INTO `user` VALUES ('1599949844741410818', 'zs10', '123', null, '北京大兴区', '2022-12-06 10:12:23', '0');
INSERT INTO `user` VALUES ('1599949844741410819', 'zs789456', '123', null, '北京大兴区', '2022-12-06 10:12:23', '0');
INSERT INTO `user` VALUES ('1599949844741410820', 'zs12', '123', null, '北京大兴区', '2022-12-06 10:12:23', '0');
INSERT INTO `user` VALUES ('1599949844741410821', 'zs13', '123', null, '北京大兴区', '2022-12-06 10:12:23', '0');
INSERT INTO `user` VALUES ('1599949844808519682', 'zs14', '123', null, '北京大兴区', '2022-12-06 10:12:23', '0');
INSERT INTO `user` VALUES ('1599949844808519683', 'zs15', '123', null, '北京大兴区', '2022-12-06 10:12:23', '0');
INSERT INTO `user` VALUES ('1599949844938543107', 'zs89', '123', null, '北京大兴区', '2022-12-06 10:12:23', '0');
INSERT INTO `user` VALUES ('1599949845005651970', 'zs20', '123', null, '北京大兴区', '2022-12-06 10:12:23', '0');
INSERT INTO `user` VALUES ('1600008982855016450', 'yrz', '123', null, '江苏徐州', '2022-12-06 14:07:23', '0');
INSERT INTO `user` VALUES ('1600010248427487234', 'yy', '123', null, '江苏淮安12121', '2022-12-06 14:12:25', '0');
INSERT INTO `user` VALUES ('1600010417080451074', 'sa', '123', null, '江苏无锡', '2022-12-06 14:13:05', '0');
INSERT INTO `user` VALUES ('1600057792230612994', 'pspsps', '123456', null, 'pppppppppp', '2022-12-06 17:21:20', '0');
INSERT INTO `user` VALUES ('1600073700315525122', 'plop', '1212121', null, 'asasasa', '2022-12-06 18:24:33', '0');
INSERT INTO `user` VALUES ('1600074138406477826', 'asklaskla', '123', null, 'asasasas', '2022-12-06 18:26:17', '0');
INSERT INTO `user` VALUES ('1600074978068369409', 'askaksjaks', '123456789', null, 'asjjkajskajskas', '2022-12-06 18:29:37', '0');
INSERT INTO `user` VALUES ('1600713958141038594', 'zs89999', 'asasasas', null, '212121', '2022-12-08 12:48:42', '0');
INSERT INTO `user` VALUES ('1600766488015294465', 'zs1', '123', null, '北京大兴区', '2022-12-08 16:17:26', '0');
INSERT INTO `user` VALUES ('1600766489223254018', 'zs2', '123', null, '北京大兴区', '2022-12-08 16:17:27', '0');
INSERT INTO `user` VALUES ('1600766489223254019', 'zs3', '123', null, '北京大兴区', '2022-12-08 16:17:27', '0');
INSERT INTO `user` VALUES ('1600766489290362882', 'zs4', '123', null, '北京大兴区', '2022-12-08 16:17:27', '0');
INSERT INTO `user` VALUES ('1600766489290362883', 'zs5', '123', null, '北京大兴区', '2022-12-08 16:17:27', '0');
INSERT INTO `user` VALUES ('1600766489290362884', 'zs6', '123', null, '北京大兴区', '2022-12-08 16:17:27', '0');
INSERT INTO `user` VALUES ('1600766489290362885', 'zs7', '123', null, '北京大兴区', '2022-12-08 16:17:27', '0');
INSERT INTO `user` VALUES ('1600766489357471745', 'zs8', '123', null, '北京大兴区', '2022-12-08 16:17:27', '0');
INSERT INTO `user` VALUES ('1600766489357471747', 'zs10', '123', null, '北京大兴区', '2022-12-08 16:17:27', '0');
INSERT INTO `user` VALUES ('1600766489357471748', 'zs11', '123', null, '北京大兴区', '2022-12-08 16:17:27', '0');
INSERT INTO `user` VALUES ('1600766489424580609', 'zs12', '123', null, '北京大兴区', '2022-12-08 16:17:27', '0');
INSERT INTO `user` VALUES ('1600766489424580610', 'zs13', '123', null, '北京大兴区', '2022-12-08 16:17:27', '0');
INSERT INTO `user` VALUES ('1600766489424580611', 'zs14', '123', null, '北京大兴区', '2022-12-08 16:17:27', '0');
INSERT INTO `user` VALUES ('1600766489424580612', 'zs15', '123', null, '北京大兴区', '2022-12-08 16:17:27', '0');
INSERT INTO `user` VALUES ('1600766489487495170', 'zs16', '123', null, '北京大兴区', '2022-12-08 16:17:27', '0');
INSERT INTO `user` VALUES ('1600766489487495171', 'zs17', '123', null, '北京大兴区', '2022-12-08 16:17:27', '0');
INSERT INTO `user` VALUES ('1600766489487495172', 'zs18', '123', null, '北京大兴区', '2022-12-08 16:17:27', '0');
INSERT INTO `user` VALUES ('1600766489487495173', 'zs19', '123', null, '北京大兴区', '2022-12-08 16:17:27', '0');
INSERT INTO `user` VALUES ('1600766489554604034', 'zs20', '123', null, '北京大兴区', '2022-12-08 16:17:27', '0');
INSERT INTO `user` VALUES ('1600766533179625473', 'zs1', '123', null, '北京大兴区123', '2022-12-08 16:17:37', '0');
INSERT INTO `user` VALUES ('1600766534458888193', 'zs2', '123', null, '北京大兴区', '2022-12-08 16:17:37', '0');
INSERT INTO `user` VALUES ('1600766534458888194', 'zs3', '123', null, '北京大兴区', '2022-12-08 16:17:37', '0');
INSERT INTO `user` VALUES ('1600766534458888195', 'zs4asasa', '123', null, '北京大兴区', '2022-12-08 16:17:37', '0');
INSERT INTO `user` VALUES ('1600766534525997057', 'zs5', '123', null, '北京大兴区', '2022-12-08 16:17:37', '0');
INSERT INTO `user` VALUES ('1600766534525997058', 'zs6', '123', null, '北京大兴区', '2022-12-08 16:17:37', '0');
INSERT INTO `user` VALUES ('1600766534525997059', 'zs7', '123', null, '北京大兴区', '2022-12-08 16:17:37', '0');
INSERT INTO `user` VALUES ('1600766534593105922', 'zs8', '123', null, '北京大兴区', '2022-12-08 16:17:37', '0');
INSERT INTO `user` VALUES ('1600766534593105923', 'zs9', '123', null, '北京大兴区', '2022-12-08 16:17:37', '0');
INSERT INTO `user` VALUES ('1600766534593105924', 'zs10', '123', null, '北京大兴区', '2022-12-08 16:17:37', '0');
INSERT INTO `user` VALUES ('1600766534656020481', 'zs11', '123', null, '北京大兴区', '2022-12-08 16:17:37', '0');
INSERT INTO `user` VALUES ('1600766534656020482', 'zs12', '123', null, '北京大兴区', '2022-12-08 16:17:37', '0');
INSERT INTO `user` VALUES ('1600766534656020483', 'zs13', '123', null, '北京大兴区', '2022-12-08 16:17:37', '0');
INSERT INTO `user` VALUES ('1600766534723129345', 'zs14', '123', null, '北京大兴区', '2022-12-08 16:17:37', '0');
INSERT INTO `user` VALUES ('1600766534723129346', 'zs15', '123', null, '北京大兴区', '2022-12-08 16:17:37', '0');
INSERT INTO `user` VALUES ('1600766534723129347', 'zs16', '123', null, '北京大兴区', '2022-12-08 16:17:37', '0');
INSERT INTO `user` VALUES ('1600766534786043906', 'zs17', '123', null, '北京大兴区', '2022-12-08 16:17:37', '0');
INSERT INTO `user` VALUES ('1600766534786043907', 'zs18', '123', null, '北京大兴区', '2022-12-08 16:17:37', '0');
INSERT INTO `user` VALUES ('1600766534786043908', 'zs19', '123', null, '北京大兴区', '2022-12-08 16:17:37', '0');
INSERT INTO `user` VALUES ('1600766534853152770', 'zs21', '123', null, '北京大兴区', '2022-12-08 16:17:37', '0');
INSERT INTO `user` VALUES ('1600766534853152771', 'zs22', '123', null, '北京大兴区', '2022-12-08 16:17:37', '0');
INSERT INTO `user` VALUES ('1600766534853152772', 'zs23', '123', null, '北京大兴区', '2022-12-08 16:17:37', '0');
INSERT INTO `user` VALUES ('1600766534920261634', 'zs24', '123', null, '北京大兴区', '2022-12-08 16:17:37', '0');
INSERT INTO `user` VALUES ('1600766534920261635', 'zs25', '123', null, '北京大兴区', '2022-12-08 16:17:37', '0');
INSERT INTO `user` VALUES ('1600766534920261636', 'zs26', '123', null, '北京大兴区', '2022-12-08 16:17:37', '0');
INSERT INTO `user` VALUES ('1600766534920261637', 'zs27', '123', null, '北京大兴区', '2022-12-08 16:17:37', '0');
INSERT INTO `user` VALUES ('1600766534983176194', 'zs28', '123', null, '北京大兴区', '2022-12-08 16:17:37', '0');
INSERT INTO `user` VALUES ('1600766534983176195', 'zs29', '123', null, '北京大兴区', '2022-12-08 16:17:37', '0');
INSERT INTO `user` VALUES ('1600766534983176196', 'zs30', '123', null, '北京大兴区', '2022-12-08 16:17:37', '0');
